

--SECURITY_MASTER_BND_1
INSERT INTO SECURITY_MASTER_BND_1 (SECURITY_MASTER_OID,CLIENT_ID,ISIN,TICKER) values (6,N'PVBQ000101',N'XS937663001',null);
INSERT INTO SECURITY_MASTER_BND_1 (SECURITY_MASTER_OID,CLIENT_ID,ISIN,TICKER) values (2,N'PVBQ000102',N'XS937663002',null);
INSERT INTO SECURITY_MASTER_BND_1 (SECURITY_MASTER_OID,CLIENT_ID,ISIN,TICKER) values (3,N'PVBQ000103',N'XS937663003',null);
INSERT INTO SECURITY_MASTER_BND_1 (SECURITY_MASTER_OID,CLIENT_ID,ISIN,TICKER) values (4,N'PVBQ000104',N'XS937663004',null);
INSERT INTO SECURITY_MASTER_BND_1 (SECURITY_MASTER_OID,CLIENT_ID,ISIN,TICKER) values (5,N'PVBQ000105',N'XS937663005',null);

--SECURITY_MASTER_BND_2
INSERT INTO SECURITY_MASTER_BND_2 (SECURITY_MASTER_OID,CLIENT_ID,ISIN,TICKER) values (6,N'REBQ000101',N'XS937613001',null);
INSERT INTO SECURITY_MASTER_BND_2 (SECURITY_MASTER_OID,CLIENT_ID,ISIN,TICKER) values (2,N'REBQ000102',N'XS937613002',null);
INSERT INTO SECURITY_MASTER_BND_2 (SECURITY_MASTER_OID,CLIENT_ID,ISIN,TICKER) values (3,N'REBQ000103',N'XS937613003',null);
INSERT INTO SECURITY_MASTER_BND_2 (SECURITY_MASTER_OID,CLIENT_ID,ISIN,TICKER) values (4,N'REBQ000104',N'XS937613004',null);
INSERT INTO SECURITY_MASTER_BND_2 (SECURITY_MASTER_OID,CLIENT_ID,ISIN,TICKER) values (5,N'REBQ000105',N'XS937613005',null);

------------------------------------------

--SECURITY_MASTER_CBL_1
INSERT INTO SECURITY_MASTER_CBL_1 (SECURITY_MASTER_OID,CLIENT_ID,ISIN,TICKER) values (6,N'PVBQ000201',N'XS937661001',null);
INSERT INTO SECURITY_MASTER_CBL_1 (SECURITY_MASTER_OID,CLIENT_ID,ISIN,TICKER) values (2,N'PVBQ000202',N'XS937661002',null);
INSERT INTO SECURITY_MASTER_CBL_1 (SECURITY_MASTER_OID,CLIENT_ID,ISIN,TICKER) values (3,N'PVBQ000303',N'XS937661003',null);
INSERT INTO SECURITY_MASTER_CBL_1 (SECURITY_MASTER_OID,CLIENT_ID,ISIN,TICKER) values (4,N'PVBQ000404',N'XS937661004',null);
INSERT INTO SECURITY_MASTER_CBL_1 (SECURITY_MASTER_OID,CLIENT_ID,ISIN,TICKER) values (5,N'PVBQ000505',N'XS937661005',null);

--SECURITY_MASTER_CBL_2
INSERT INTO SECURITY_MASTER_CBL_2 (SECURITY_MASTER_OID,CLIENT_ID,ISIN,TICKER) values (6,N'PVBQ000201',N'XS937663001',null);
INSERT INTO SECURITY_MASTER_CBL_2 (SECURITY_MASTER_OID,CLIENT_ID,ISIN,TICKER) values (2,N'PVBQ000202',N'XS937663002',null);
INSERT INTO SECURITY_MASTER_CBL_2 (SECURITY_MASTER_OID,CLIENT_ID,ISIN,TICKER) values (3,N'PVBQ000303',N'XS937663003',null);
INSERT INTO SECURITY_MASTER_CBL_2 (SECURITY_MASTER_OID,CLIENT_ID,ISIN,TICKER) values (4,N'PVBQ000404',N'XS937663004',null);
INSERT INTO SECURITY_MASTER_CBL_2 (SECURITY_MASTER_OID,CLIENT_ID,ISIN,TICKER) values (5,N'PVBQ000505',N'XS937663005',null);

------------------------------------------

--SECURITY_MASTER_COS_1
INSERT INTO SECURITY_MASTER_COS_1 (SECURITY_MASTER_OID,CLIENT_ID,ISIN,TICKER) values (6,N'PVBQ000201',N'XS937661001',null);
INSERT INTO SECURITY_MASTER_COS_1 (SECURITY_MASTER_OID,CLIENT_ID,ISIN,TICKER) values (2,N'PVBQ000202',N'XS937661002',null);
INSERT INTO SECURITY_MASTER_COS_1 (SECURITY_MASTER_OID,CLIENT_ID,ISIN,TICKER) values (3,N'PVBQ000303',N'XS937661003',null);
INSERT INTO SECURITY_MASTER_COS_1 (SECURITY_MASTER_OID,CLIENT_ID,ISIN,TICKER) values (4,N'PVBQ000404',N'XS937661004',null);
INSERT INTO SECURITY_MASTER_COS_1 (SECURITY_MASTER_OID,CLIENT_ID,ISIN,TICKER) values (5,N'PVBQ000505',N'XS937661005',null);

--SECURITY_MASTER_COS_2
INSERT INTO SECURITY_MASTER_COS_2 (SECURITY_MASTER_OID,CLIENT_ID,ISIN,TICKER) values (6,N'PVBQ000201',N'XS937663001',null);
INSERT INTO SECURITY_MASTER_COS_2 (SECURITY_MASTER_OID,CLIENT_ID,ISIN,TICKER) values (2,N'PVBQ000202',N'XS937663002',null);
INSERT INTO SECURITY_MASTER_COS_2 (SECURITY_MASTER_OID,CLIENT_ID,ISIN,TICKER) values (3,N'PVBQ000303',N'XS937663003',null);
INSERT INTO SECURITY_MASTER_COS_2 (SECURITY_MASTER_OID,CLIENT_ID,ISIN,TICKER) values (4,N'PVBQ000404',N'XS937663004',null);
INSERT INTO SECURITY_MASTER_COS_2 (SECURITY_MASTER_OID,CLIENT_ID,ISIN,TICKER) values (5,N'PVBQ000505',N'XS937663005',null);

------------------------------------------

--SECURITY_MASTER_FMS_1
INSERT INTO SECURITY_MASTER_FMS_1 (SECURITY_MASTER_OID,CLIENT_ID,ISIN,TICKER) values (6,N'PVBQ000201',N'XS937661001',null);
INSERT INTO SECURITY_MASTER_FMS_1 (SECURITY_MASTER_OID,CLIENT_ID,ISIN,TICKER) values (2,N'PVBQ000202',N'XS937661002',null);
INSERT INTO SECURITY_MASTER_FMS_1 (SECURITY_MASTER_OID,CLIENT_ID,ISIN,TICKER) values (3,N'PVBQ000303',N'XS937661003',null);
INSERT INTO SECURITY_MASTER_FMS_1 (SECURITY_MASTER_OID,CLIENT_ID,ISIN,TICKER) values (4,N'PVBQ000404',N'XS937661004',null);
INSERT INTO SECURITY_MASTER_FMS_1 (SECURITY_MASTER_OID,CLIENT_ID,ISIN,TICKER) values (5,N'PVBQ000505',N'XS937661005',null);
INSERT INTO SECURITY_MASTER_FMS_1 (SECURITY_MASTER_OID,CLIENT_ID,ISIN,TICKER) values (1,N'PVBQ000206',N'XS937661006',null);
INSERT INTO SECURITY_MASTER_FMS_1 (SECURITY_MASTER_OID,CLIENT_ID,ISIN,TICKER) values (7,N'PVBQ000207',N'XS937661007',null);
INSERT INTO SECURITY_MASTER_FMS_1 (SECURITY_MASTER_OID,CLIENT_ID,ISIN,TICKER) values (8,N'PVBQ000308',N'XS937661008',null);
INSERT INTO SECURITY_MASTER_FMS_1 (SECURITY_MASTER_OID,CLIENT_ID,ISIN,TICKER) values (9,N'PVBQ000409',N'XS937661009',null);
INSERT INTO SECURITY_MASTER_FMS_1 (SECURITY_MASTER_OID,CLIENT_ID,ISIN,TICKER) values (10,N'PVBQ000510',N'XS937661010',null);
INSERT INTO SECURITY_MASTER_FMS_1 (SECURITY_MASTER_OID,CLIENT_ID,ISIN,TICKER) values (11,N'PVBQ000511',N'XS937661011',null);
INSERT INTO SECURITY_MASTER_FMS_1 (SECURITY_MASTER_OID,CLIENT_ID,ISIN,TICKER) values (12,N'PVBQ000511',N'XS937661012',null);

--SECURITY_MASTER_FMS_2
INSERT INTO SECURITY_MASTER_FMS_2 (SECURITY_MASTER_OID,CLIENT_ID,ISIN,TICKER) values (6,N'PVBQ000201',N'XS937663001',null);
INSERT INTO SECURITY_MASTER_FMS_2 (SECURITY_MASTER_OID,CLIENT_ID,ISIN,TICKER) values (2,N'PVBQ000202',N'XS937663002',null);
INSERT INTO SECURITY_MASTER_FMS_2 (SECURITY_MASTER_OID,CLIENT_ID,ISIN,TICKER) values (3,N'PVBQ000303',N'XS937663003',null);
INSERT INTO SECURITY_MASTER_FMS_2 (SECURITY_MASTER_OID,CLIENT_ID,ISIN,TICKER) values (4,N'PVBQ000404',N'XS937663004',null);
INSERT INTO SECURITY_MASTER_FMS_2 (SECURITY_MASTER_OID,CLIENT_ID,ISIN,TICKER) values (5,N'PVBQ000505',N'XS937663005',null);
------------------------------------------


------------------------------------------
--SECURITY_MASTER_MRG_1
INSERT INTO SECURITY_MASTER_MRG_1 (SECURITY_MASTER_OID,CLIENT_ID,ISIN,TICKER) values (6,N'PVBQ000201',N'XS937661001',null);
INSERT INTO SECURITY_MASTER_MRG_1 (SECURITY_MASTER_OID,CLIENT_ID,ISIN,TICKER) values (2,N'PVBQ000202',N'XS937661002',null);
INSERT INTO SECURITY_MASTER_MRG_1 (SECURITY_MASTER_OID,CLIENT_ID,ISIN,TICKER) values (3,N'PVBQ000303',N'XS937661003',null);
INSERT INTO SECURITY_MASTER_MRG_1 (SECURITY_MASTER_OID,CLIENT_ID,ISIN,TICKER) values (4,N'PVBQ000404',N'XS937661004',null);
INSERT INTO SECURITY_MASTER_MRG_1 (SECURITY_MASTER_OID,CLIENT_ID,ISIN,TICKER) values (5,N'PVBQ000505',N'XS937661005',null);

--SECURITY_MASTER_MRG_2
INSERT INTO SECURITY_MASTER_MRG_2 (SECURITY_MASTER_OID,CLIENT_ID,ISIN,TICKER) values (6,N'PVBQ000201',N'XS937663001',null);
INSERT INTO SECURITY_MASTER_MRG_2 (SECURITY_MASTER_OID,CLIENT_ID,ISIN,TICKER) values (2,N'PVBQ000202',N'XS937663002',null);
INSERT INTO SECURITY_MASTER_MRG_2 (SECURITY_MASTER_OID,CLIENT_ID,ISIN,TICKER) values (3,N'PVBQ000303',N'XS937663003',null);
INSERT INTO SECURITY_MASTER_MRG_2 (SECURITY_MASTER_OID,CLIENT_ID,ISIN,TICKER) values (4,N'PVBQ000404',N'XS937663004',null);
INSERT INTO SECURITY_MASTER_MRG_2 (SECURITY_MASTER_OID,CLIENT_ID,ISIN,TICKER) values (5,N'PVBQ000505',N'XS937663005',null);
------------------------------------------

------------------------------------------
--SECURITY_MASTER_MTC_1
INSERT INTO SECURITY_MASTER_MTC_1 (SECURITY_MASTER_OID,CLIENT_ID,ISIN,TICKER) values (6,N'PVBQ000201',N'XS937661001',null);
INSERT INTO SECURITY_MASTER_MTC_1 (SECURITY_MASTER_OID,CLIENT_ID,ISIN,TICKER) values (2,N'PVBQ000202',N'XS937661002',null);
INSERT INTO SECURITY_MASTER_MTC_1 (SECURITY_MASTER_OID,CLIENT_ID,ISIN,TICKER) values (3,N'PVBQ000303',N'XS937661003',null);
INSERT INTO SECURITY_MASTER_MTC_1 (SECURITY_MASTER_OID,CLIENT_ID,ISIN,TICKER) values (4,N'PVBQ000404',N'XS937661004',null);
INSERT INTO SECURITY_MASTER_MTC_1 (SECURITY_MASTER_OID,CLIENT_ID,ISIN,TICKER) values (5,N'PVBQ000505',N'XS937661005',null);

--SECURITY_MASTER_MTC_2
INSERT INTO SECURITY_MASTER_MTC_2 (SECURITY_MASTER_OID,CLIENT_ID,ISIN,TICKER) values (6,N'PVBQ000201',N'XS937663001',null);
INSERT INTO SECURITY_MASTER_MTC_2 (SECURITY_MASTER_OID,CLIENT_ID,ISIN,TICKER) values (2,N'PVBQ000202',N'XS937663002',null);
INSERT INTO SECURITY_MASTER_MTC_2 (SECURITY_MASTER_OID,CLIENT_ID,ISIN,TICKER) values (3,N'PVBQ000303',N'XS937663003',null);
INSERT INTO SECURITY_MASTER_MTC_2 (SECURITY_MASTER_OID,CLIENT_ID,ISIN,TICKER) values (4,N'PVBQ000404',N'XS937663004',null);
INSERT INTO SECURITY_MASTER_MTC_2 (SECURITY_MASTER_OID,CLIENT_ID,ISIN,TICKER) values (5,N'PVBQ000505',N'XS937663005',null);

------------------------------------------


------------------------------------------
--SECURITY_MASTER_MTC_1
INSERT INTO SECURITY_MASTER_MTC_1 (SECURITY_MASTER_OID,CLIENT_ID,ISIN,TICKER) values (6,N'PVBQ000201',N'XS937661001',null);
INSERT INTO SECURITY_MASTER_MTC_1 (SECURITY_MASTER_OID,CLIENT_ID,ISIN,TICKER) values (2,N'PVBQ000202',N'XS937661002',null);
INSERT INTO SECURITY_MASTER_MTC_1 (SECURITY_MASTER_OID,CLIENT_ID,ISIN,TICKER) values (3,N'PVBQ000303',N'XS937661003',null);
INSERT INTO SECURITY_MASTER_MTC_1 (SECURITY_MASTER_OID,CLIENT_ID,ISIN,TICKER) values (4,N'PVBQ000404',N'XS937661004',null);
INSERT INTO SECURITY_MASTER_MTC_1 (SECURITY_MASTER_OID,CLIENT_ID,ISIN,TICKER) values (5,N'PVBQ000505',N'XS937661005',null);

--SECURITY_MASTER_MTC_2
INSERT INTO SECURITY_MASTER_MTC_2 (SECURITY_MASTER_OID,CLIENT_ID,ISIN,TICKER) values (6,N'PVBQ000201',N'XS937663001',null);
INSERT INTO SECURITY_MASTER_MTC_2 (SECURITY_MASTER_OID,CLIENT_ID,ISIN,TICKER) values (2,N'PVBQ000202',N'XS937663002',null);
INSERT INTO SECURITY_MASTER_MTC_2 (SECURITY_MASTER_OID,CLIENT_ID,ISIN,TICKER) values (3,N'PVBQ000303',N'XS937663003',null);
INSERT INTO SECURITY_MASTER_MTC_2 (SECURITY_MASTER_OID,CLIENT_ID,ISIN,TICKER) values (4,N'PVBQ000404',N'XS937663004',null);
INSERT INTO SECURITY_MASTER_MTC_2 (SECURITY_MASTER_OID,CLIENT_ID,ISIN,TICKER) values (5,N'PVBQ000505',N'XS937663005',null);
------------------------------------------
--SECURITY_MASTER_PDS_1
------------------------------------------
--SECURITY_MASTER_PDS_1
INSERT INTO SECURITY_MASTER_PDS_1 (SECURITY_MASTER_OID,CLIENT_ID,ISIN,TICKER) values (6,N'PVBQ000201',N'XS937661001',null);
INSERT INTO SECURITY_MASTER_PDS_1 (SECURITY_MASTER_OID,CLIENT_ID,ISIN,TICKER) values (2,N'PVBQ000202',N'XS937661002',null);
INSERT INTO SECURITY_MASTER_PDS_1 (SECURITY_MASTER_OID,CLIENT_ID,ISIN,TICKER) values (3,N'PVBQ000303',N'XS937661003',null);
INSERT INTO SECURITY_MASTER_PDS_1 (SECURITY_MASTER_OID,CLIENT_ID,ISIN,TICKER) values (4,N'PVBQ000404',N'XS937661004',null);
INSERT INTO SECURITY_MASTER_PDS_1 (SECURITY_MASTER_OID,CLIENT_ID,ISIN,TICKER) values (5,N'PVBQ000505',N'XS937661005',null);

--SECURITY_MASTER_PDS_2
INSERT INTO SECURITY_MASTER_PDS_2 (SECURITY_MASTER_OID,CLIENT_ID,ISIN,TICKER) values (6,N'PVBQ000201',N'XS937663001',null);
INSERT INTO SECURITY_MASTER_PDS_2 (SECURITY_MASTER_OID,CLIENT_ID,ISIN,TICKER) values (2,N'PVBQ000202',N'XS937663002',null);
INSERT INTO SECURITY_MASTER_PDS_2 (SECURITY_MASTER_OID,CLIENT_ID,ISIN,TICKER) values (3,N'PVBQ000303',N'XS937663003',null);
INSERT INTO SECURITY_MASTER_PDS_2 (SECURITY_MASTER_OID,CLIENT_ID,ISIN,TICKER) values (4,N'PVBQ000404',N'XS937663004',null);
INSERT INTO SECURITY_MASTER_PDS_2 (SECURITY_MASTER_OID,CLIENT_ID,ISIN,TICKER) values (5,N'PVBQ000505',N'XS937663005',null);
------------------------------------------

------------------------------------------
--SECURITY_MASTER_PVB_1
INSERT INTO SECURITY_MASTER_PVB_1 (SECURITY_MASTER_OID,CLIENT_ID,ISIN,TICKER) values (6,N'PVBQ000201',N'XS937661001',null);
INSERT INTO SECURITY_MASTER_PVB_1 (SECURITY_MASTER_OID,CLIENT_ID,ISIN,TICKER) values (2,N'PVBQ000202',N'XS937661002',null);
INSERT INTO SECURITY_MASTER_PVB_1 (SECURITY_MASTER_OID,CLIENT_ID,ISIN,TICKER) values (3,N'PVBQ000303',N'XS937661003',null);
INSERT INTO SECURITY_MASTER_PVB_1 (SECURITY_MASTER_OID,CLIENT_ID,ISIN,TICKER) values (4,N'PVBQ000404',N'XS937661004',null);
INSERT INTO SECURITY_MASTER_PVB_1 (SECURITY_MASTER_OID,CLIENT_ID,ISIN,TICKER) values (5,N'PVBQ000505',N'XS937661005',null);

--SECURITY_MASTER_PVB_2
INSERT INTO SECURITY_MASTER_PVB_2 (SECURITY_MASTER_OID,CLIENT_ID,ISIN,TICKER) values (6,N'PVBQ000201',N'XS937663001',null);
INSERT INTO SECURITY_MASTER_PVB_2 (SECURITY_MASTER_OID,CLIENT_ID,ISIN,TICKER) values (2,N'PVBQ000202',N'XS937663002',null);
INSERT INTO SECURITY_MASTER_PVB_2 (SECURITY_MASTER_OID,CLIENT_ID,ISIN,TICKER) values (3,N'PVBQ000303',N'XS937663003',null);
INSERT INTO SECURITY_MASTER_PVB_2 (SECURITY_MASTER_OID,CLIENT_ID,ISIN,TICKER) values (4,N'PVBQ000404',N'XS937663004',null);
INSERT INTO SECURITY_MASTER_PVB_2 (SECURITY_MASTER_OID,CLIENT_ID,ISIN,TICKER) values (5,N'PVBQ000505',N'XS937663005',null);
------------------------------------------


------------------------------------------
--SECURITY_MASTER_SMS_1
INSERT INTO SECURITY_MASTER_SMS_1 (SECURITY_MASTER_OID,CLIENT_ID,ISIN,TICKER) values (6,N'PVBQ000201',N'XS937661001',null);
INSERT INTO SECURITY_MASTER_SMS_1 (SECURITY_MASTER_OID,CLIENT_ID,ISIN,TICKER) values (2,N'PVBQ000202',N'XS937661002',null);
INSERT INTO SECURITY_MASTER_SMS_1 (SECURITY_MASTER_OID,CLIENT_ID,ISIN,TICKER) values (3,N'PVBQ000303',N'XS937661003',null);
INSERT INTO SECURITY_MASTER_SMS_1 (SECURITY_MASTER_OID,CLIENT_ID,ISIN,TICKER) values (4,N'PVBQ000404',N'XS937661004',null);
INSERT INTO SECURITY_MASTER_SMS_1 (SECURITY_MASTER_OID,CLIENT_ID,ISIN,TICKER) values (5,N'PVBQ000505',N'XS937661005',null);

--SECURITY_MASTER_SMS_2
INSERT INTO SECURITY_MASTER_SMS_2 (SECURITY_MASTER_OID,CLIENT_ID,ISIN,TICKER) values (6,N'PVBQ000201',N'XS937663001',null);
INSERT INTO SECURITY_MASTER_SMS_2 (SECURITY_MASTER_OID,CLIENT_ID,ISIN,TICKER) values (2,N'PVBQ000202',N'XS937663002',null);
INSERT INTO SECURITY_MASTER_SMS_2 (SECURITY_MASTER_OID,CLIENT_ID,ISIN,TICKER) values (3,N'PVBQ000303',N'XS937663003',null);
INSERT INTO SECURITY_MASTER_SMS_2 (SECURITY_MASTER_OID,CLIENT_ID,ISIN,TICKER) values (4,N'PVBQ000404',N'XS937663004',null);
INSERT INTO SECURITY_MASTER_PVB_2 (SECURITY_MASTER_OID,CLIENT_ID,ISIN,TICKER) values (5,N'PVBQ000505',N'XS937663005',null);